{
  "best_epoch": 7,
  "peak_cpu_memory_MB": 325.68,
  "training_duration": "00:08:17",
  "training_start_epoch": 0,
  "training_epochs": 7,
  "epoch": 7,
  "training_accuracy": 0.7287068212994139,
  "training_loss": 0.9435698269816583,
  "training_cpu_memory_MB": 325.68,
  "validation_accuracy": 0.7253240279162513,
  "validation_loss": 0.9877372096447741,
  "best_validation_accuracy": 0.7253240279162513,
  "best_validation_loss": 0.9877372096447741
}