{
  "best_epoch": 5,
  "peak_cpu_memory_MB": 325.424,
  "training_duration": "00:06:15",
  "training_start_epoch": 0,
  "training_epochs": 5,
  "epoch": 5,
  "training_accuracy": 0.7184187554557925,
  "training_loss": 0.9817236015097669,
  "training_cpu_memory_MB": 325.424,
  "validation_accuracy": 0.7153539381854437,
  "validation_loss": 1.0029777195434628,
  "best_validation_accuracy": 0.7153539381854437,
  "best_validation_loss": 1.0029777195434628
}