{
  "best_epoch": 1,
  "peak_cpu_memory_MB": 321.232,
  "training_duration": "00:02:00",
  "training_start_epoch": 0,
  "training_epochs": 1,
  "epoch": 1,
  "training_accuracy": 0.6339942636238932,
  "training_loss": 1.2542946648829625,
  "training_cpu_memory_MB": 321.232,
  "validation_accuracy": 0.6445663010967099,
  "validation_loss": 1.2299046825138427,
  "best_validation_accuracy": 0.6445663010967099,
  "best_validation_loss": 1.2299046825138427
}