{
  "best_epoch": 0,
  "peak_cpu_memory_MB": 294.456,
  "training_duration": "00:00:58",
  "training_start_epoch": 0,
  "training_epochs": 0,
  "epoch": 0,
  "training_accuracy": 0.533857089412645,
  "training_loss": 1.576880747086539,
  "training_cpu_memory_MB": 294.456,
  "validation_accuracy": 0.6064307078763709,
  "validation_loss": 1.353636118968724,
  "best_validation_accuracy": 0.6064307078763709,
  "best_validation_loss": 1.353636118968724
}